name,type,typecode,address,pname,cityname,adname,gcj02_lon,gcj02_lat,wgs84_lon,wgs84_lat
阳阳教育托管中心,科教文化服务;科教文化场所;科教文化场所,140000,东湖路南三巷12号,广东省,广州市,增城区,113.84879,23.287019,113.8437836,23.28977224
精品早教托育,科教文化服务;培训机构;培训机构,141400,锦绣御景国际二期北门西140米,广东省,广州市,增城区,113.804583,23.292528,113.7994595,23.2951988
全优加早教中心(锦绣国际校区),科教文化服务;培训机构;培训机构,141400,荔星大道147号(锦绣御景国际二期),广东省,广州市,增城区,113.804608,23.292401,113.7994845,23.29507188
乐贝尔国际托育早教中心,科教文化服务;培训机构;培训机构,141400,规划一路与朱村大道东交叉口北约180米,广东省,广州市,增城区,113.747233,23.278819,113.7420202,23.28144304
天天乐幼儿园(宏华路),科教文化服务;培训机构;培训机构,141400,宏华南路23-25,广东省,广州市,增城区,113.827645,23.298626,113.8225816,23.30133711
鹿儿港婴幼儿托育园,科教文化服务;学校;幼儿园,141204,增城大道2号1栋117,广东省,广州市,增城区,113.823152,23.274127,113.818078,23.27683662
乐儿堡教育(早教托管),科教文化服务;培训机构;培训机构,141400,光明西路84号,广东省,广州市,增城区,113.827433,23.28806,113.8223697,23.29077366
展翅教育托管中心,科教文化服务;培训机构;培训机构,141400,富鹏小学对面,广东省,广州市,增城区,113.832037,23.301424,113.8269853,23.30414266
阳阳教育托管中心,科教文化服务;培训机构;培训机构,141400,塘园中路60号,广东省,广州市,增城区,113.833349,23.300072,113.8283009,23.3027935
文烨教育托管(二小店),科教文化服务;培训机构;培训机构,141400,荔城街挂绿路南一巷六号,广东省,广州市,增城区,113.833235,23.288289,113.8281874,23.29101356
飞越教育托管中心,科教文化服务;培训机构;培训机构,141400,城北路西六巷7号(大鹏小学对面),广东省,广州市,增城区,113.83446,23.300017,113.8294149,23.30274061
爱德教育托管辅导中心,科教文化服务;培训机构;培训机构,141400,沿江东路与东境中路交叉口东80米,广东省,广州市,增城区,113.834851,23.274323,113.8298087,23.27705466
妈咪宝贝国际婴幼儿早教托育中心,科教文化服务;培训机构;培训机构,141400,石滩绿湖国际1期翠湖路2至6号,广东省,广州市,增城区,113.787958,23.20273,113.7828028,23.20540457
金瑶篮优托教育中心,科教文化服务;培训机构;培训机构,141400,石滩镇麻车更楼环村路9号,广东省,广州市,增城区,113.772687,23.200814,113.7675047,23.20347287
亲呀呀精致智慧托育(碧桂园豪园),科教文化服务;培训机构;培训机构,141400,石滩镇碧桂园豪园翠湖苑四街49号,广东省,广州市,增城区,113.821825,23.222254,113.8167509,23.22497777
育英托管,公司企业;公司;公司,170200,石滩镇麻车村江吓新村三巷39号,广东省,广州市,增城区,113.773188,23.198602,113.7680066,23.20126209
Tiny Hands托育(珠光山水御苑店),购物服务;购物相关场所;购物相关场所,60000,温泉镇大街苑雅街9号山水御苑小区,广东省,广州市,从化区,113.620917,23.592591,113.6158082,23.595355
童景托育-珠光山水御苑园区,科教文化服务;培训机构;培训机构,141400,御苑雅街16号,广东省,广州市,从化区,113.621505,23.592696,113.6163958,23.59545946
贝安斯国际婴幼早教托育中心,科教文化服务;培训机构;培训机构,141400,元亨路31号,广东省,广州市,增城区,113.679707,23.271205,113.6745441,23.27391122
先本教育托管中心,科教文化服务;培训机构;培训机构,141400,谷岭路1-3(朱村街中心小学正门出来左行0米),广东省,广州市,增城区,113.697285,23.279098,113.6920966,23.28177036
贝贝教育(托管)中心,科教文化服务;培训机构;培训机构,141400,恒安路与朱村恒福路交叉口东20米,广东省,广州市,增城区,113.702829,23.273386,113.6976343,23.27605113
真棒教育(个性化辅导午晚托书法),公司企业;公司;公司,170200,大田村府南一路14号,广东省,广州市,增城区,113.623641,23.294602,113.6185503,23.29739403
学托教育,科教文化服务;培训机构;培训机构,141400,裕华路与裕华一街交叉口西北180米,广东省,广州市,增城区,113.648488,23.123789,113.6433822,23.12660596
贝艺托育园(天伦第三分店),科教文化服务;培训机构;培训机构,141400,新塘镇锦绣天伦新绣北路128街,广东省,广州市,增城区,113.640382,23.126644,113.6352864,23.12947288
豆豆巴托育园,科教文化服务;培训机构;培训机构,141400,新塘镇敏捷锦绣天伦新绣一路3-5号共两层,广东省,广州市,增城区,113.638294,23.127731,113.6332008,23.13056257
里享家托管教育中心,科教文化服务;培训机构;培训机构,141400,新塘镇锦绣天伦四街4-6号,广东省,广州市,增城区,113.640111,23.125318,113.6350158,23.12814783
书仁教育托辅中心,科教文化服务;培训机构;培训机构,141400,新沙大道北,广东省,广州市,增城区,113.640225,23.124825,113.6351297,23.12765485
树人托管教育连锁,科教文化服务;培训机构;培训机构,141400,新塘瑶田东联新街十巷1号,广东省,广州市,增城区,113.627195,23.139143,113.6221119,23.14198461
育才托管中心,科教文化服务;科教文化场所;科教文化场所,140000,汇太东路181号,广东省,广州市,增城区,113.622742,23.13104,113.6176626,23.13388964
铭鼋逃托管辅导中心,科教文化服务;培训机构;培训机构,141400,东涌七横街与东华大道辅路交叉口西北20米,广东省,广州市,增城区,113.625064,23.110116,113.6199844,23.11297174
彩虹托育,科教文化服务;培训机构;培训机构,141400,横江路与横江大道交叉口北140米,广东省,广州市,从化区,113.573619,23.585457,113.5684898,23.58821858
广州市圣瑞托育早教中心,科教文化服务;培训机构;培训机构,141400,景瑞街景瑞街8-12号,广东省,广州市,从化区,113.592434,23.536677,113.5873286,23.53944884
龙博士双语托育中心,科教文化服务;培训机构;培训机构,141400,江埔街道沿江南路161号,广东省,广州市,从化区,113.591001,23.535873,113.5858947,23.53864445
教育托辅中心,科教文化服务;科教文化场所;科教文化场所,140000,关围新村东北门旁,广东省,广州市,从化区,113.578992,23.554628,113.5738724,23.55739303
广州市.乐蓓儿托育园,科教文化服务;培训机构;培训机构,141400,江埔街河东南路210号,广东省,广州市,从化区,113.598564,23.534356,113.5934619,23.53712843
优贝乐国际儿童教育中心(从化校区),科教文化服务;培训机构;培训机构,141400,沿江南路182号201,广东省,广州市,从化区,113.590106,23.535064,113.5849991,23.53783515
逸泉贝贝托育园,科教文化服务;学校;幼儿园,141204,逸泉山庄逸泉贝贝托育园,广东省,广州市,从化区,113.565793,23.510508,113.5606553,23.51325771
FAMIC放我家・家庭托育(绿地城园),购物服务;专卖店;专营店,61200,凤湖中路广州绿地城,广东省,广州市,黄埔区,113.546758,23.32055,113.5415893,23.32329185
小马快跑早教托育,科教文化服务;培训机构;培训机构,141400,凤湖四路与九龙大道交叉口西南180米,广东省,广州市,黄埔区,113.542452,23.329442,113.5372709,23.33217206
当乐娃国际智慧托育,科教文化服务;培训机构;培训机构,141400,凤湖四路与九龙大道交叉口西南140米,广东省,广州市,黄埔区,113.542504,23.329705,113.537323,23.33243511
幸福大本营托育中心,购物服务;专卖店;专营店,61200,S378(九龙大道)福里街12号101号,广东省,广州市,黄埔区,113.541308,23.333128,113.5361234,23.33585452
全优加早教绿地缤纷城校,科教文化服务;培训机构;培训机构,141400,九龙大道绿地缤纷城商城1层153-5,广东省,广州市,黄埔区,113.54804,23.323522,113.5428745,23.32626585
托颖教育,科教文化服务;培训机构;培训机构,141400,南香山小学西侧,广东省,广州市,增城区,113.61818,23.226839,113.6130969,23.2296571
廖龙摩托车配件店,摩托车服务;摩托车服务相关;摩托车服务相关,40000,九佛育贤路与黄山北路交叉口北20米,广东省,广州市,黄埔区,113.521051,23.350121,113.5158019,23.35279076
亲呀呀精致托婴托育(增城凤凰城),科教文化服务;科教文化场所;科教文化场所,140000,凤锦苑二街18号101号,广东省,广州市,增城区,113.581906,23.15239,113.5768166,23.15523852
亲呀呀精致托婴托育(翡翠绿洲校区),科教文化服务;培训机构;培训机构,141400,新塘镇陈家林路翡翠绿洲森林半岛一期23栋102号,广东省,广州市,增城区,113.560776,23.138429,113.5556529,23.14125811
爱乐贝多元智能托育中心,科教文化服务;培训机构;培训机构,141400,・保利爱特城南1门东50米,广东省,广州市,黄埔区,113.548059,23.142432,113.5429055,23.14523563
全优加早教托育(翡翠绿洲校),科教文化服务;培训机构;培训机构,141400,陈家林路翡翠绿洲未来汇3楼整层,广东省,广州市,增城区,113.561225,23.131241,113.5561033,23.13407371
小柚子托育园,科教文化服务;培训机构;培训机构,141400,翡翠绿洲3期56栋104,广东省,广州市,增城区,113.560539,23.135885,113.5554156,23.13871474
吉子托英文托育,科教文化服务;培训机构;培训机构,141400,凤凰城凤荔苑一街一号305铺,广东省,广州市,增城区,113.571731,23.125805,113.5666292,23.12865452
全优加早教中心(凤凰城分校),科教文化服务;培训机构;培训机构,141400,新塘镇碧桂园凤凰城凤晴苑星荟商业街1-2号,广东省,广州市,增城区,113.583323,23.158176,113.5782348,23.16102323
贝好国际托育(广州凤凰城园区),科教文化服务;培训机构;培训机构,141400,广场大街凤凰城交通中心广场步行街南2号之8,广东省,广州市,增城区,113.575742,23.125662,113.5706464,23.1285159
蔚莳托育中心,科教文化服务;培训机构;培训机构,141400,新塘镇东方名都大林边一路73、75、785号,广东省,广州市,增城区,113.592871,23.127693,113.5877929,23.13055642
状元贝贝早教托育中心,科教文化服务;培训机构;培训机构,141400,新塘镇东进东路8号新都盛世名门会所二楼,广东省,广州市,增城区,113.598585,23.126766,113.5935098,23.12963031
广州星芯托育(早教中心),科教文化服务;培训机构;培训机构,141400,新塘镇新世界花园美食街金昂二楼,广东省,广州市,增城区,113.570973,23.10924,113.5658711,23.11209538
番茄园托育中心,科教文化服务;培训机构;培训机构,141400,永和誉山国际写字楼融景一路12号101,广东省,广州市,增城区,113.596388,23.18928,113.5913078,23.19212011
金睿家国际早教托育中心(新塘店),科教文化服务;培训机构;培训机构,141400,新塘镇港口大道336号群星新村南门,广东省,广州市,增城区,113.601319,23.128598,113.5962445,23.13146131
承希托育(黄埔旗舰店),科教文化服务;培训机构;培训机构,141400,佳兆业城市广场盛凯一街6号81012,广东省,广州市,黄埔区,113.548464,23.101909,113.5433143,23.10472992
森林王国-托育服务中心,科教文化服务;科教文化场所;科教文化场所,140000,新塘镇花园东路6号(新世界花园1门旁),广东省,广州市,增城区,113.577164,23.108289,113.5720715,23.11115135
小豆苗托育中心,科教文化服务;学校;幼儿园,141204,新惠路与创荣路交叉口东北100米,广东省,广州市,增城区,113.606841,23.195383,113.6017628,23.19821914
芮禾家早教托育园,科教文化服务;培训机构;培训机构,141400,布岭路里享家T9栋306房,广东省,广州市,黄埔区,113.565361,23.196567,113.5602433,23.199381
芮禾家早教托育园(珠江嘉园店),科教文化服务;培训机构;培训机构,141400,来安四街86号,广东省,广州市,黄埔区,113.557653,23.198059,113.5525192,23.20086013
卓越教育托管中心,科教文化服务;培训机构;培训机构,141400,岗丰大道与中心村东路交叉口西340米,广东省,广州市,增城区,113.591782,23.153986,113.5867015,23.15683872
飞屋牧童托育园(南岗佳纷天地店),科教文化服务;学校;幼儿园,141204,佳纷天地二楼,广东省,广州市,黄埔区,113.548815,23.103404,113.5436661,23.10622504
圣约翰早教,科教文化服务;培训机构;培训机构,141400,永宁街道创盈路9号,广东省,广州市,增城区,113.595897,23.18872,113.5908166,23.19156028
启萌园儿童托育早教中心,科教文化服务;培训机构;培训机构,141400,新塘镇东方名都一期1521号,广东省,广州市,增城区,113.593377,23.123956,113.5882995,23.12682103
全优加(新塘广场分校),科教文化服务;培训机构;培训机构|公司企业;公司;公司,141400|170200,新塘镇解放北路113号新星未来教育城2楼,广东省,广州市,增城区,113.614798,23.11609,113.6097236,23.11895251
托普教育(增城校区),科教文化服务;培训机构;培训机构,141400,汽车城大道华兴市场广发银行2楼,广东省,广州市,增城区,113.601174,23.137916,113.5960989,23.1407756
优加教育托管中心,生活服务;生活服务场所;生活服务场所,70000,新塘白江小学(校前路东),广东省,广州市,增城区,113.597682,23.114034,113.5926073,23.1169035
朗朗托管教育中心,科教文化服务;培训机构;培训机构,141400,荷花路与桂花路交叉口西南40米,广东省,广州市,增城区,113.613842,23.11516,113.6087679,23.11802355
金鹰教育托管班,科教文化服务;培训机构;培训机构,141400,黄埔东路2879号34栋,广东省,广州市,黄埔区,113.523984,23.087827,113.5187622,23.09059324
育凡教育托管,科教文化服务;培训机构;培训机构,141400,青年路东盛楼228号602室,广东省,广州市,黄埔区,113.531078,23.064055,113.5258806,23.06685048
小雪人托育中心,科教文化服务;培训机构;培训机构,141400,进港大道与珠电路交叉口西南约80米,广东省,广州市,南沙区,113.552744,22.799035,113.5476249,22.80198919
蓝蝶国际托育园南沙悠方园,科教文化服务;培训机构;培训机构,141400,翠瑜街与柳园路交叉口西120米,广东省,广州市,南沙区,113.521848,22.798473,113.5166382,22.80135218
小鹿安迪托育早教中心,科教文化服务;培训机构;培训机构,141400,南沙街道听海街5街91011号,广东省,广州市,南沙区,113.58375,22.74182,113.5786894,22.74483335
十牛托育(金洲瞳心园),科教文化服务;培训机构;培训机构,141400,中大城创景街5号101(金洲地铁站A口步行240米),广东省,广州市,南沙区,113.537726,22.793361,113.5325667,22.79628402
飞屋牧童双语托育(南沙万达中心),科教文化服务;培训机构;培训机构,141400,南沙万达广场二楼,广东省,广州市,南沙区,113.532995,22.79437,113.5278213,22.79728078
自然树儿童之家(广州南沙金茂湾托育园),科教文化服务;培训机构;培训机构,141400,黄阁镇金茂湾T3栋140号,广东省,广州市,南沙区,113.518846,22.780641,113.5136273,22.78351773
菲格留学教育托管照相复印,科教文化服务;培训机构;培训机构,141400,南沙街富力华庭五街(富力唐宁B区北门145商铺),广东省,广州市,南沙区,113.590395,22.764794,113.5853389,22.7678034
悠悠家蒙特梭利托育中心,科教文化服务;培训机构;培训机构,141400,丰庭花园,广东省,广州市,南沙区,113.538896,22.789696,113.5337404,22.79262312
小星星早期托育中心,科教文化服务;培训机构;培训机构,141400,新垦镇红西一巷7号,广东省,广州市,南沙区,113.60117,22.641491,113.5961271,22.64453337
贝安斯国际托育早教中心,科教文化服务;培训机构;培训机构,141400,钟升路48号钟兴商业广场F2,广东省,广州市,白云区,113.402181,23.379611,113.3966388,23.382028
care for kidz卡尔国际托育园,科教文化服务;培训机构;培训机构,141400,悦景路48号,广东省,广州市,天河区,113.430562,23.142043,113.4250594,23.14454997
纽诺托育・早教,科教文化服务;培训机构;培训机构,141400,开创大道与科翔路交叉口南180米,广东省,广州市,黄埔区,113.452942,23.178422,113.4474824,23.18095353
蒂芭卜蒙氏早教托育中心,科教文化服务;培训机构;培训机构,141400,香雪二路与汇星路交叉口西北60米,广东省,广州市,黄埔区,113.47784,23.175525,113.4724535,23.17812028
广州澳学童心圆托育中心,科教文化服务;培训机构;培训机构,141400,开创大道3330号,广东省,广州市,黄埔区,113.447168,23.186243,113.441694,23.1887598
蒂芭卜托育中心(东荟城店),科教文化服务;培训机构;培训机构,141400,瑞和路万科东荟城北门二街76号,广东省,广州市,黄埔区,113.500368,23.161979,113.4950597,23.16464593
贝贝伴国际早教・托育中心,科教文化服务;培训机构;培训机构,141400,保利中誉广场副座3楼(大沙东地铁站A口步行320米),广东省,广州市,黄埔区,113.458061,23.107553,113.4526196,23.11012394
金鹰宝贝国际托育中心,科教文化服务;培训机构;培训机构,141400,石化路219号文冲同创汇二楼,广东省,广州市,黄埔区,113.469565,23.106958,113.4641569,23.1095578
大沙东托育园,科教文化服务;学校;幼儿园,141204,石化小区东南门西80米,广东省,广州市,黄埔区,113.458547,23.107866,113.4531069,23.11043795
狮子王贝贝国际托育(户外花园旗舰店),科教文化服务;培训机构;培训机构,141400,萝岗科学城开创大道锐丰广场9栋3层全层,广东省,广州市,黄埔区,113.502254,23.17285,113.4969516,23.17551847
智慧城托育中心,科教文化服务;培训机构;培训机构,141400,凌塘环村路与凌塘村上街东交叉口西北40米,广东省,广州市,天河区,113.401048,23.17024,113.3955202,23.17271808
飞屋牧童托育园(萝岗锐丰店),科教文化服务;培训机构;培训机构,141400,荔红路锐丰中心7栋一楼,广东省,广州市,黄埔区,113.501352,23.173292,113.4960464,23.17595758
尚勤学托育中心,科教文化服务;培训机构;培训机构,141400,-高唐软件园高唐路凌塘村新街16-3号,广东省,广州市,天河区,113.401179,23.170182,113.3956512,23.1726601
金太阳托育中心,科教文化服务;科教文化场所;科教文化场所,140000,新岑五路云峰商务酒店,广东省,广州市,天河区,113.40109,23.170265,113.3955622,23.17274307
爱乐祺・国际托育早教中心(黄埔分中心),科教文化服务;培训机构;培训机构,141400,澳葡街115号201-205,广东省,广州市,黄埔区,113.458917,23.100297,113.4534784,23.10287294
艾肯迪托育中心,科教文化服务;培训机构;培训机构,141400,水西路萝岗和苑H11栋一楼,广东省,广州市,黄埔区,113.479334,23.188212,113.4739515,23.19080679
飞屋牧童托育园(中海康城店),科教文化服务;培训机构;培训机构,141400,中海康城风信街5号,广东省,广州市,天河区,113.403951,23.131945,113.3984262,23.13443809
子优教育课后托育中心,科教文化服务;培训机构;培训机构,141400,宦溪北路与桃园西路交叉口东80米,广东省,广州市,天河区,113.409356,23.117025,113.403834,23.11952519
提分王AI科技教育中心(优托邦・奥体超级Mall店),科教文化服务;科教文化场所;科教文化场所,140000,奥体南路12号优托邦・奥体超级MallF2,广东省,广州市,天河区,113.416726,23.131025,113.4112078,23.13352308
柚米国际教育中心(优托邦奥体旗舰店),科教文化服务;培训机构;培训机构,141400,奥体南路12号3期优托邦购物中心F2,广东省,广州市,天河区,113.415048,23.130247,113.4095285,23.13274437
全国青少年科普创新教育基地(优托邦奥体旗舰店),科教文化服务;培训机构;培训机构,141400,奥体南路12号优托邦F2,广东省,广州市,天河区,113.413896,23.13039,113.4083757,23.13288668
黄岗教育托管辅导中心,科教文化服务;培训机构;培训机构,141400,育英路31号,广东省,广州市,天河区,113.411,23.126899,113.4054781,23.12939576
可乐托管教育,科教文化服务;培训机构;培训机构,141400,怡园小区西街20栋,广东省,广州市,黄埔区,113.450577,23.102233,113.4451168,23.10478971
飞卓托管教育,科教文化服务;培训机构;培训机构,141400,怡园西街16号101室,广东省,广州市,黄埔区,113.450133,23.102092,113.4446717,23.10464786
怪兽充电(英卓思国际教育中心优托邦奥体店),生活服务;共享设备;充电宝,72101,奥体南路小Q儿童城2楼(必胜客楼上),广东省,广州市,天河区,113.414801,23.130188,113.4092813,23.13268525
广东奥林匹克会爱奇体育俱乐部(优托邦奥体店),体育休闲服务;运动场馆;运动场所,80100,奥体南路12号(优托邦购物中心迪卡侬对面),广东省,广州市,天河区,113.410496,23.134512,113.4049733,23.13700551
来电(米娜凯威国际礼仪艺术教育奥体优托邦校区),生活服务;共享设备;充电宝,72101,奥体南路12号优托邦当季2层D220,广东省,广州市,天河区,113.417388,23.131313,113.4118703,23.13381141
秋石托育,科教文化服务;培训机构;培训机构,141400,莲港大道与建设路交叉口东北20米,广东省,广州市,番禺区,113.489107,22.969007,113.4837723,22.97172103
托育辅导中心,科教文化服务;培训机构;培训机构,141400,富怡小区3区东门旁,广东省,广州市,番禺区,113.439761,22.958965,113.4342869,22.96156283
熊猫宝贝早教托育中心,科教文化服务;培训机构;培训机构,141400,石楼镇莲港大道22号一街701栋,广东省,广州市,番禺区,113.486949,22.967528,113.481607,22.97023628
鲸喜哆哆婴幼儿托育中心,科教文化服务;培训机构;培训机构,141400,石楼镇沙浦东路66号,广东省,广州市,番禺区,113.490018,22.970682,113.4846864,22.97339802
阳光教育托管中心,科教文化服务;培训机构;培训机构,141400,水门路25号三楼化龙镇水门路25号,广东省,广州市,番禺区,113.45577,23.037426,113.4503273,23.04002136
蓓蕾托育园,科教文化服务;学校;幼儿园,141204,建设路与西门中路交叉口西40米,广东省,广州市,番禺区,113.501874,22.974268,113.4965836,22.97701812
英莱恩国际早教托育,科教文化服务;科教文化场所;科教文化场所,140000,石楼镇乐羊羊路55号天oF2商铺5梯104-106号,广东省,广州市,番禺区,113.494104,22.947802,113.4887881,22.95054004
精英教育托管服务中心,科教文化服务;培训机构;培训机构,141400,市莲路与岗中路交叉口西北160米,广东省,广州市,番禺区,113.480951,22.966821,113.4755888,22.96951213
育德堂托管,科教文化服务;培训机构;培训机构,141400,市莲路与南荔东路交叉口西60米,广东省,广州市,番禺区,113.468841,22.96195,113.4634405,22.96460986
卓盛教育托管中心招生,科教文化服务;科教文化场所;科教文化场所,140000,沙浦东路与沙浦东路五街交叉口西南20米,广东省,广州市,番禺区,113.49008,22.97056,113.4847486,22.97327626
贝贝亲教育托管辅导社,科教文化服务;培训机构;培训机构,141400,石楼镇建设路秀明街5号,广东省,广州市,番禺区,113.48874,22.969688,113.483404,22.97240065
儒雅教育托管中心,科教文化服务;培训机构;培训机构,141400,石基镇富怡路17号,广东省,广州市,番禺区,113.439157,22.958079,113.4336818,22.96067622
向日葵宝贝托育园(东涌校区),科教文化服务;培训机构;培训机构,141400,东涌镇民康路9号2楼,广东省,广州市,南沙区,113.456992,22.886028,113.4515627,22.88869043
童心教育早教・托育,科教文化服务;培训机构;培训机构,141400,大龙街道傍雁路东湖洲花园3区1号楼首层,广东省,广州市,番禺区,113.417092,22.932963,113.4115877,22.9355454
广州市朵加婴幼儿托育有限公司,科教文化服务;培训机构;培训机构,141400,大岗镇兴业路23号5栋308铺,广东省,广州市,南沙区,113.40672,22.804162,113.4012183,22.80679047
小青苗灵性教育(广州旗舰园),科教文化服务;培训机构;培训机构,141400,黄阁万科南方公园S510,广东省,广州市,南沙区,113.500402,22.806887,113.4951175,22.80969992
全优加(金海岸分校),科教文化服务;培训机构;培训机构,141400,大龙街金海岸兴泰东路傍江西村1号,广东省,广州市,番禺区,113.406495,22.932866,113.4009844,22.93544391
太和早教佳杰儿0-3岁婴幼儿托育,科教文化服务;培训机构;培训机构,141400,大源街米龙村建业路52号湖景苑2层,广东省,广州市,白云区,113.362997,23.291163,113.3574907,23.29363118
育英托管中心,科教文化服务;培训机构;培训机构,141400,太和镇石湖村前路25号育英托管,广东省,广州市,白云区,113.345979,23.285973,113.3405023,23.28847036
新摇幼托教育中心,科教文化服务;培训机构;培训机构,141400,太和镇谢家庄荫兰西六街1号,广东省,广州市,白云区,113.358696,23.303383,113.3531956,23.30585424
亲呀呀精致智慧托育(岭南新世界园),科教文化服务;培训机构;培训机构,141400,集福街37号岭南新世界2D18栋201房,广东省,广州市,白云区,113.291853,23.234069,113.2864847,23.23667903
昂谷资优蒙氏国际托育早教,科教文化服务;培训机构;培训机构,141400,岭南新世界74号205房,广东省,广州市,白云区,113.294834,23.23432,113.2894609,23.2369256
稚德托育中心,科教文化服务;科教文化场所;科教文化场所,140000,良城北路28号101铺(良田卫生院对面),广东省,广州市,白云区,113.377033,23.356028,113.3715044,23.35846286
环球教育雅思托福培训中心(白云封闭学院),科教文化服务;培训机构;培训机构,141400,大源北路康和山庄康和路10号,广东省,广州市,白云区,113.357764,23.256897,113.3522683,23.25938323
全优加早教(华发四季店),科教文化服务;培训机构;培训机构,141400,观云街1号103,广东省,广州市,白云区,113.29731,23.229972,113.291933,23.23257528
春田花花托管教育辅导中心,购物服务;花鸟鱼虫市场;花卉市场|科教文化服务;培训机构;培训机构,060501|141400,良田良狮路35号(良田二小新校区西侧200米十字路口陆安百货2层),广东省,广州市,白云区,113.394107,23.346792,113.3885678,23.3492171
全优加早教・托育(天河富力院士庭校),科教文化服务;培训机构;培训机构,141400,东莞庄路38号富力院士庭三楼,广东省,广州市,天河区,113.335975,23.151296,113.3305272,23.15385798
托育早教,科教文化服务;培训机构;培训机构,141400,天河北路与天景街交叉口西南60米,广东省,广州市,天河区,113.337985,23.141121,113.3325339,23.14368321
Cub land卡比园(天河北中心),科教文化服务;培训机构;培训机构,141400,龙口西路与天河北路交叉口北40米,广东省,广州市,天河区,113.335964,23.142006,113.3305169,23.14457165
稚慧宝贝国际托育早教中心,科教文化服务;培训机构;培训机构,141400,沾益直街168号,广东省,广州市,天河区,113.3301,23.147962,113.3246644,23.15053644
礼德园国际托育中心,科教文化服务;培训机构;培训机构,141400,天河区林和东路218号三层,广东省,广州市,天河区,113.328608,23.146583,113.3231756,23.14916083
抱抱熊托育中心,科教文化服务;培训机构;培训机构,141400,龙口西路198号,广东省,广州市,天河区,113.336907,23.137576,113.3314583,23.14014164
迪凯沃全英文托育园,科教文化服务;培训机构;培训机构,141400,天寿路辅路与天润路交叉口西南40米,广东省,广州市,天河区,113.332227,23.142919,113.3267874,23.14549137
全优加早教(五山校区),科教文化服务;培训机构;培训机构,141400,茶山路251-261号五山新天地二层205-209,广东省,广州市,天河区,113.354696,23.15094,113.3492127,23.15346877
全优加精品早教托育(华景新城校区),科教文化服务;培训机构;培训机构,141400,华景北路187、189号二层201铺自编03商铺,广东省,广州市,天河区,113.360728,23.141754,113.3552354,23.14427693
南湖光孕未来国际托育中心,科教文化服务;培训机构;培训机构,141400,天河北路235号(林和西地铁站D口步行120米),广东省,广州市,天河区,113.325115,23.141996,113.3196901,23.14458231
比特家托育中心(远洋店),科教文化服务;培训机构;培训机构,141400,远洋天骄b2栋209,广东省,广州市,天河区,113.336275,23.17417,113.3308251,23.17672263
威斯康国际托育中心,科教文化服务;培训机构;培训机构,141400,陶育路82号暨南商务中心首层,广东省,广州市,天河区,113.344763,23.129313,113.3392994,23.13186746
汇景新城国际幼儿园(托育馆),科教文化服务;学校;幼儿园,141204,五山街道汇景南路64号潮皇食府3楼,广东省,广州市,天河区,113.367888,23.147248,113.3623846,23.14975873
智托帮国际高质量托育中心(珠江俊园校区),科教文化服务;培训机构;培训机构,141400,枫叶路3号101-02铺,广东省,广州市,天河区,113.366712,23.136733,113.3612109,23.13924944
方圆培乐思托育中心,科教文化服务;培训机构;培训机构,141400,体育西路46号办公楼1-4层,广东省,广州市,天河区,113.321994,23.1295,113.3165764,23.13209723
星宝童会托育早教园,科教文化服务;培训机构;培训机构,141400,水荫路118号,广东省,广州市,天河区,113.310943,23.144906,113.3055466,23.14751756
布鲁姆国际早教托育中心,科教文化服务;培训机构;培训机构,141400,黄埔大道中148号海景中心首层,广东省,广州市,天河区,113.355002,23.124298,113.34952,23.12683687
小马快跑(天河环贸天地早教中心),科教文化服务;培训机构;培训机构,141400,天河北路239号环贸中心商场3层306商铺,广东省,广州市,天河区,113.326079,23.141808,113.3206521,23.14439254
比泡乐儿国际托育(珠江新城园区),科教文化服务;培训机构;培训机构,141400,平苑街202号2层(潭村地铁站B口步行160米),广东省,广州市,天河区,113.345716,23.115742,113.3402515,23.11830025
童希社托育TOPC,科教文化服务;培训机构;培训机构,141400,云鹤南街七巷1号1层(动物园地铁站B口步行290米),广东省,广州市,越秀区,113.306491,23.13593,113.3011038,23.13855298
几米稚家家庭共享托育,科教文化服务;培训机构;培训机构,141400,岑村华南御景园A17栋1层,广东省,广州市,天河区,113.379504,23.169993,113.3739858,23.17248195
优贝乐国际儿童早教中心(华景校区),科教文化服务;培训机构;培训机构,141400,华景新城景邮路8号115房,广东省,广州市,天河区,113.3638,23.138728,113.358303,23.14124766
糖弥儿国际托育中心,科教文化服务;培训机构;培训机构,141400,东风东路860号锦城教育城2层204室,广东省,广州市,越秀区,113.311223,23.131135,113.305827,23.13375154
Peter托育中心,科教文化服务;培训机构;培训机构,141400,华逸锦轩大厦西北门旁,广东省,广州市,越秀区,113.309497,23.124256,113.3041048,23.1268784
希蒙国际托育中心(金东环中心),科教文化服务;培训机构;培训机构,141400,环市东路476号金东环大厦二楼,广东省,广州市,越秀区,113.305439,23.133819,113.3000539,23.13644463
广州熹乐婴托育中心,科教文化服务;培训机构;培训机构,141400,寺右新马路南二街三巷8号101房,广东省,广州市,越秀区,113.311952,23.117785,113.3065554,23.12040563
全优加(隽悦园校),科教文化服务;培训机构;培训机构,141400,天府路161号隽园商务中心,广东省,广州市,天河区,113.361874,23.131134,113.3563804,23.13365947
全优加早教・托育(珠江新城旗舰中心),科教文化服务;科教文化场所;科教文化场所,140000,华就路21号寺右公馆二楼,广东省,广州市,天河区,113.316699,23.116375,113.3112931,23.11898749
搏雅教育托管(中明大厦),科教文化服务;培训机构;培训机构,141400,龙口西路100号中明大厦12层15层,广东省,广州市,天河区,113.336532,23.137435,113.3310841,23.1400014
小当家托育园,科教文化服务;学校;幼儿园|体育休闲服务;休闲场所;游乐场,141204|080501,太和岗路20号,广东省,广州市,越秀区,113.296499,23.142617,113.2911293,23.14525368
希蒙国际托育中心(淘金中心),科教文化服务;培训机构;培训机构,141400,淘金东路25-29号淘金华庭2楼,广东省,广州市,越秀区,113.291637,23.141673,113.2862753,23.14431723
凯园教育培训中心(优托邦长兴路店),科教文化服务;培训机构;培训机构,141400,长兴路13号优托邦驿站F2,广东省,广州市,天河区,113.348282,23.17024,113.3428089,23.17277219
FAMIC放我家托育・早教,科教文化服务;培训机构;培训机构,141400,团结路与友爱路交叉口南60米,广东省,广州市,越秀区,113.292193,23.139166,113.2868306,23.14181043
全优加早教托育(港澳中心校),科教文化服务;培训机构;培训机构,141400,东风东路699号(区庄地铁站B2口步行490米),广东省,广州市,越秀区,113.294333,23.131098,113.2889677,23.13374254
锐思教育(优托邦长兴路店),科教文化服务;培训机构;培训机构,141400,长兴路13号优托邦驿站F2,广东省,广州市,天河区,113.34789,23.170202,113.3424177,23.17273489
爱尔贝国际托育・早教中心(骏景店),科教文化服务;培训机构;培训机构,141400,骏景花园绿茵街5号之二102铺(东御苑G3G4楼下),广东省,广州市,天河区,113.389791,23.123365,113.3842688,23.1258648
水德之家婴幼儿社区托育中心,科教文化服务;培训机构;培训机构,141400,中山大道天朗明居西南门4号岗西侧商铺,广东省,广州市,天河区,113.392168,23.126404,113.3866446,23.12890143
乐点熊(香港)托育・早教中心,科教文化服务;培训机构;培训机构,141400,绿茵街9号-102,广东省,广州市,天河区,113.388937,23.122042,113.3834153,23.1245428
抱抱熊托育中心,科教文化服务;培训机构;培训机构,141400,宸悦路2号1019-1023铺,广东省,广州市,海珠区,113.380637,23.100949,113.3751225,23.10346445
新洲际教育雅思托福培训留学中心(中信广场总部),科教文化服务;培训机构;培训机构,141400,中信广场17楼1702(林和西地铁站D口步行80米),广东省,广州市,天河区,113.324851,23.141796,113.3194267,23.14438289
阅景托育园,科教文化服务;培训机构;培训机构,141400,晴波路与渔唱街交叉口东北60米,广东省,广州市,越秀区,113.308202,23.107585,113.3028134,23.11021649
全优加早教托育(一品湖山校),科教文化服务;培训机构;培训机构,141400,同和路御岭街37号,广东省,广州市,白云区,113.331001,23.214268,113.3255591,23.21681606
飞屋牧童托育园(滨江店),科教文化服务;培训机构;培训机构,141400,柏丽广场二楼,广东省,广州市,海珠区,113.312463,23.103018,113.3070664,23.10564376
婴幼托育,科教文化服务;培训机构;培训机构,141400,瀚林水岸西南1门北60米,广东省,广州市,海珠区,113.292687,23.099131,113.2873265,23.101791
集德爱米国际托育园(淘金校区),科教文化服务;培训机构;培训机构,141400,华乐街道邮电中三街9号之一房,广东省,广州市,越秀区,113.289328,23.134778,113.2839703,23.13742817
优贝特托育早教(云山中心),科教文化服务;培训机构;培训机构,141400,丛云路666号,广东省,广州市,白云区,113.295473,23.209533,113.2901005,23.21214613
禾光美育日托・早教(天銮园),科教文化服务;培训机构;培训机构,141400,临江大道59号天銮A4-202,广东省,广州市,天河区,113.330272,23.114716,113.3248384,23.11730345
童蕊托育中心,科教文化服务;培训机构;培训机构,141400,江南美景花园东南门旁(中大地铁站D口步行230米),广东省,广州市,海珠区,113.293041,23.090583,113.2876805,23.09324605
子悦童萌国际园,科教文化服务;培训机构;培训机构,141400,花城大道20号202远洋大厦裙楼2楼,广东省,广州市,天河区,113.318036,23.118873,113.3126272,23.12148198
自然树儿童之家(广州天河保利林海山庄托育园),科教文化服务;培训机构;培训机构,141400,龙洞保利林海山庄商铺自编1-4号(北门旁),广东省,广州市,天河区,113.358283,23.19201,113.3527909,23.1945175
纽诺托育・早教,科教文化服务;培训机构;培训机构,141400,华利北二直街与华利路交叉口西北40米,广东省,广州市,天河区,113.315901,23.117975,113.3104966,23.12058832
森侨国际托育中心,科教文化服务;培训机构;培训机构,141400,尖彭路408号同泰壹号体育俱乐部内,广东省,广州市,白云区,113.295565,23.222066,113.2901915,23.22467464
环球教育雅思托福培训中心(高端旗舰中心),科教文化服务;培训机构;培训机构,141400,体育西路103号维多利广场写字楼B塔28楼,广东省,广州市,天河区,113.320457,23.134971,113.3150422,23.13756894
南雅苑托儿所,科教文化服务;学校;幼儿园,141204,体育东横街62号,广东省,广州市,天河区,113.331088,23.128524,113.3256517,23.13110429
亲立方国际托育・早教中心,科教文化服务;培训机构;培训机构,141400,黄边北路7号亲立方国际儿童教育中心,广东省,广州市,白云区,113.290814,23.221825,113.2854482,23.22444063
纽诺托育・早教(客村园),科教文化服务;培训机构;培训机构,141400,赤岗北路与双塔路交叉口东南100米,广东省,广州市,海珠区,113.32767,23.101302,113.3222426,23.10389994
精准教育托管中心(员村旗舰店),科教文化服务;培训机构;培训机构,141400,员村西街4号大院(侨颖苑)2层104,广东省,广州市,天河区,113.358646,23.119581,113.3531583,23.122116
小小演说家专业思维演讲主持教育(优托邦时光店),科教文化服务;培训机构;培训机构,141400,花城大道84号猎德优托邦1座4层,广东省,广州市,天河区,113.330329,23.118215,113.324895,23.12080091
伦顿国际托育园,科教文化服务;培训机构;培训机构,141400,江怡路与怡趣街交叉口西80米,广东省,广州市,海珠区,113.293722,23.099936,113.2883598,23.10259416
全优加早教中心海珠合生广场分校,科教文化服务;培训机构;培训机构,141400,叠景路223-227合生广场北区3层304、308号,广东省,广州市,海珠区,113.314189,23.085858,113.3087902,23.08848777
筱葵园托管中心,科教文化服务;科教文化场所;科教文化场所,140000,棠东官育路与棠东村官育路交叉口北60米,广东省,广州市,天河区,113.384759,23.1271,113.3792395,23.12960144
子悦童行托管辅导教育,科教文化服务;培训机构;培训机构,141400,团结路8-11号101,广东省,广州市,越秀区,113.293714,23.138747,113.2883492,23.14138939
托普教育(托普教育赤岗校区),科教文化服务;培训机构;培训机构,141400,广发街7号,广东省,广州市,海珠区,113.329876,23.094978,113.3244445,23.09757435
爱而生托育学府,科教文化服务;培训机构;培训机构,141400,兴南大道187号富洲中心东塔首层,广东省,广州市,番禺区,113.353878,23.013316,113.3484055,23.01590359
星慧托育中心,科教文化服务;培训机构;培训机构,141400,星光大道西广州星河湾国际公寓首层,广东省,广州市,番禺区,113.334461,23.024921,113.3290249,23.02753845
童景托育 霭德园区,科教文化服务;学校;幼儿园,141204,蝶恋花路,广东省,广州市,番禺区,113.352724,23.024555,113.3472528,23.02713965
纽诺托育・早教(番禺万达园店),科教文化服务;培训机构;培训机构,141400,万惠二路与万博二路交叉口东南100米,广东省,广州市,番禺区,113.350227,23.002491,113.3447618,23.00508942
乐鲸灵婴幼儿托育・早教中心,科教文化服务;培训机构;培训机构,141400,南村镇兴南大道398号广州雅居乐花园雅逸庭(商业街4区205号),广东省,广州市,番禺区,113.362608,23.009167,113.3571216,23.01174282
尚学堂奇遇浣熊早教托育(番禺校区),科教文化服务;培训机构;培训机构,141400,兴南大道421号南村壹2层,广东省,广州市,番禺区,113.361861,23.016219,113.3563753,23.01879287
全优加早教・托育(番禺华南碧桂园校),科教文化服务;培训机构;培训机构,141400,南村镇华南碧商业二街1号201,广东省,广州市,番禺区,113.351012,22.994334,113.3455459,22.9969346
红树林托育中心,科教文化服务;培训机构;培训机构,141400,雅居乐花园观景路510号,广东省,广州市,番禺区,113.37139,23.007476,113.3658917,23.01004091
贝托芬托育园,科教文化服务;培训机构;培训机构,141400,兴南大道423号(员岗地铁站A口步行230米),广东省,广州市,番禺区,113.361772,23.01601,113.3562864,23.01858409
优贝乐托育早教,科教文化服务;培训机构;培训机构,141400,隔岗新大道九街与隔岗新大道七街交叉口东北180米,广东省,广州市,番禺区,113.349869,22.988497,113.3444054,22.99110208
优贝乐国际儿童成长中心(自在城校区),科教文化服务;培训机构;培训机构,141400,番禺大道北468-450号,广东省,广州市,番禺区,113.351563,22.989398,113.3460963,22.9919998
爱悦堡托育早教中心,科教文化服务;培训机构;培训机构,141400,东艺路与金山谷创意一街交叉口西南120米,广东省,广州市,番禺区,113.343305,22.976185,113.3378546,22.97880703
创艺国际教育托育服务中心,科教文化服务;培训机构;培训机构,141400,朝阳西路84号二楼,广东省,广州市,番禺区,113.306877,23.023946,113.3014966,23.02661527
童景托育,科教文化服务;科教文化场所;科教文化场所,140000,南洲路珠江御景湾,广东省,广州市,海珠区,113.341233,23.04994,113.3357816,23.05253402
亲的时光托育院,科教文化服务;培训机构;培训机构,141400,朝阳西路77号,广东省,广州市,番禺区,113.306838,23.023564,113.3014577,23.0262335
十牛托育(剑桥郡校区),科教文化服务;培训机构;培训机构,141400,南村镇瀚澜一街38号2楼(板桥地铁站D口步行390米),广东省,广州市,番禺区,113.385846,23.019991,113.3803331,23.0225368
全优加早教托育中心剑桥郡校,科教文化服务;培训机构;培训机构,141400,南村镇雅居乐剑桥郡瀚澜一街48号201、301,广东省,广州市,番禺区,113.386483,23.019659,113.3809697,23.02220452
启迪堂国际育托中心,科教文化服务;科教文化场所;科教文化场所,140000,东艺路1号金谷生活馆2楼,广东省,广州市,番禺区,113.342249,22.9701,113.3368011,22.97272658
优贝乐国际儿童教育中心(大石店),科教文化服务;培训机构;培训机构,141400,建华汇商业中心A座辛鸿大厦3楼,广东省,广州市,番禺区,113.315571,23.02568,113.3101735,23.0283329
信德托育,科教文化服务;培训机构;培训机构,141400,旭晖园东南1门旁,广东省,广州市,番禺区,113.355505,22.960493,113.3500333,22.96310071
优悦教育托育托管(丽江小学分教点),科教文化服务;培训机构;培训机构,141400,洛浦街道洛浦街105号国道大石段94号丽江花园特勤大楼,广东省,广州市,番禺区,113.297477,23.034732,113.2921129,23.03741213
Kids King双语托育馆,科教文化服务;培训机构;培训机构,141400,北环路397号,广东省,广州市,番禺区,113.307827,23.046624,113.3024432,23.04928185
优贝儿托育YOBE-祈福新B区分园,科教文化服务;科教文化场所;科教文化场所,140000,祈福新B区16街86号,广东省,广州市,番禺区,113.334544,22.962857,113.3291119,22.96550106
米诺托育园,科教文化服务;学校;幼儿园,141204,大石街安平路西12街2号锐强商业大楼112号,广东省,广州市,番禺区,113.2918,23.010042,113.2864469,23.01274124
全优加早教・托育(时代倾城校),科教文化服务;培训机构;培训机构,141400,南村镇南村东线路时代倾城商铺202号,广东省,广州市,番禺区,113.398683,22.999109,113.3931669,23.0016584
家育护小托育早教中心,科教文化服务;培训机构;培训机构,141400,小资五街与小资四街交叉口西北280米,广东省,广州市,番禺区,113.319829,22.985724,113.3144255,22.98838621
贝安斯国际早教托育中心,科教文化服务;培训机构;培训机构,141400,中盛路13号(沥虻靥站F口步行430米),广东省,广州市,海珠区,113.319772,23.058115,113.3143638,23.06074613
思成托育辅导,科教文化服务;培训机构;培训机构,141400,市新路72号202,广东省,广州市,番禺区,113.373731,22.958236,113.3682333,22.96081942
优贝儿托育YOBE-锦绣生态园分园,科教文化服务;科教文化场所;科教文化场所,140000,锦绣生态园倚翠苑14座1梯103,广东省,广州市,番禺区,113.308188,22.968741,113.3028088,22.9714318
蘑菇松鼠早教・托育中心(生态园校区),科教文化服务;培训机构;培训机构,141400,钟村街骏新路锦绣生态园水云居五座会所一楼,广东省,广州市,番禺区,113.307088,22.968639,113.3017109,22.97133177
小鲸妈妈托育中心,科教文化服务;培训机构;培训机构,141400,光明北路283号19-20,广东省,广州市,番禺区,113.360072,22.952209,113.3545934,22.9548131
优贝儿托育YOBE-祈福新倚湖湾分园,科教文化服务;科教文化场所;科教文化场所,140000,祈福新倚湖湾9座107,广东省,广州市,番禺区,113.332658,22.954474,113.3272303,22.95712522
琴山艺术托育家园,科教文化服务;培训机构;培训机构,141400,东环街番艺花园六座首层1号铺,广东省,广州市,番禺区,113.373322,22.952998,113.3678251,22.95558411
一心国际早教托育中心,科教文化服务;培训机构;培训机构,141400,大学城信息枢纽楼二楼(大学城南地铁站A口步行390米),广东省,广州市,番禺区,113.397314,23.045368,113.3917949,23.04789769
全优加,科教文化服务;培训机构;培训机构|购物服务;购物相关场所;购物相关场所,141400|060000,番禺区洛浦路96号恒天商务大厦3楼,广东省,广州市,番禺区,113.309968,23.037863,113.3045807,23.04052083
聆稚国际托育早教中心,科教文化服务;培训机构;培训机构,141400,富华西路148号2楼(市桥地铁站B口步行420米),广东省,广州市,番禺区,113.360009,22.947137,113.3545308,22.94974335
小院儿学园0-3托育,科教文化服务;培训机构;培训机构,141400,鑫润花园九座101房,广东省,广州市,番禺区,113.38654,22.947116,113.3810316,22.9496927
品学联萌儿童课后托管教育中心(大石富丽校区),科教文化服务;培训机构;培训机构,141400,大石镇建华路金山大厦104号,广东省,广州市,番禺区,113.315602,23.026128,113.3102044,23.02878065
博尔斯教育精品托管,科教文化服务;培训机构;培训机构,141400,岗东路与石北工业路交叉口北60米,广东省,广州市,番禺区,113.308637,23.016482,113.3032537,23.01915141
加乐仕文化教育培训中心托管(南国奥园店),科教文化服务;培训机构;培训机构,141400,南奥小资天堂1座2楼,广东省,广州市,番禺区,113.321668,22.982928,113.316261,22.98558794
广州市培才托育阳光乐园早教中心,科教文化服务;培训机构;培训机构,141400,大石街道会江村江丽二街4号,广东省,广州市,番禺区,113.295408,23.010269,113.290049,23.01296286
迪凯沃全英国际托育园,生活服务;旅行社;旅行社,70100,江晓路与宝成街交叉口东40米,广东省,广州市,海珠区,113.295672,23.068646,113.2903087,23.07131439
全优加早教中心,科教文化服务;培训机构;培训机构,141400,南洲北路2号201商铺(东晓南地铁站A出口旁边),广东省,广州市,海珠区,113.294968,23.071128,113.2896057,23.0737964
新洲际教育雅思托福培训留学中心(大学城校区),科教文化服务;培训机构;培训机构,141400,大学城明志杰街1号广州大学城信息枢纽楼808,广东省,广州市,番禺区,113.397453,23.045315,113.3919339,23.04784469
环球教育雅思托福培训中心(大学城校区),科教文化服务;培训机构;培训机构,141400,大学城中六路街1号广州大学城信息枢纽楼202A房号,广东省,广州市,番禺区,113.397285,23.045142,113.3917659,23.04767179
A+教育托管中心,科教文化服务;培训机构;培训机构,141400,市桥丹桂园大街5巷11号,广东省,广州市,番禺区,113.35733,22.946901,113.3518562,22.94951159
星辰教育托管,科教文化服务;培训机构;培训机构,141400,郭地大街松苑,广东省,广州市,番禺区,113.380175,22.944081,113.3746717,22.94666394
全优加,购物服务;专卖店;专营店,61200,涌口街雅居乐剑桥汇(板桥地铁站D口步行270米),广东省,广州市,番禺区,113.386531,23.019583,113.3810177,23.02212852
阳光名店(易发商业中心店),购物服务;服装鞋帽皮具店;服装鞋帽皮具店,61100,易发东街138号阳光名店,广东省,广州市,番禺区,113.360995,22.940181,113.3555158,22.94278883
广州小和子塾托园教育发展咨询有限公司,公司企业;公司;公司,170200,长华创意谷14栋1座,广东省,广州市,番禺区,113.321059,22.966653,113.3156543,22.9693211
精锐托育,科教文化服务;科教文化场所;科教文化场所,140000,教育大街与沙湾翠园东街交叉口东北20米,广东省,广州市,番禺区,113.342968,22.906446,113.337523,22.90909815
广州童学家托育早教中心,科教文化服务;培训机构;培训机构,141400,沙湾路与市良路交叉口南100米,广东省,广州市,番禺区,113.347112,22.902915,113.3416593,22.90556117
壹佰分托育中心,科教文化服务;培训机构;培训机构,141400,沙湾镇翠园西八街4号103,广东省,广州市,番禺区,113.34313,22.906502,113.3376846,22.90915384
精品早教托育,科教文化服务;培训机构;培训机构,141400,中良路与市良路交叉口西北120米,广东省,广州市,番禺区,113.354412,22.910377,113.3489456,22.91300763
育优托管,科教文化服务;培训机构;培训机构,141400,保利星海小镇(榄核二小正对面),广东省,广州市,南沙区,113.350868,22.834644,113.345413,22.83731057
博雅教育(沙湾店),科教文化服务;培训机构;培训机构,141400,沙湾镇翠园东9街17号(沙湾中心小学对面),广东省,广州市,番禺区,113.343051,22.906448,113.3376058,22.9091
翰礼堡托育早教(百仁教育城华景校区),科教文化服务;培训机构;培训机构,141400,华景新城会所(百仁教育城二楼),广东省,广州市,番禺区,113.365937,22.927333,113.3604513,22.9299392
英翰托育早教中心(桥南园),科教文化服务;培训机构;培训机构,141400,桥南街福德路790-804号,广东省,广州市,番禺区,113.362238,22.922295,113.3567581,22.92490853
华蔚托育(东兴校区),科教文化服务;培训机构;培训机构,141400,大龙街政泰路37号,广东省,广州市,番禺区,113.387028,22.927614,113.3815207,22.93019863
种子学园托育中心,科教文化服务;培训机构;培训机构,141400,兴泰路38号,广东省,广州市,番禺区,113.379127,22.93246,113.3736254,22.93504882
飞屋牧童托育园(番禺沙湾店),科教文化服务;培训机构;培训机构,141400,中良路14号一楼,广东省,广州市,番禺区,113.354642,22.910014,113.3491752,22.91264441
思润托育,科教文化服务;培训机构;培训机构,141400,市桥街平康路灏景轩商住楼首层,广东省,广州市,番禺区,113.371578,22.93981,113.366084,22.94240375
全优加早教中心(金沙御苑分校),科教文化服务;培训机构;培训机构,141400,沙湾镇中良路22号二楼(金沙御苑售楼中心旁),广东省,广州市,番禺区,113.354347,22.91052,113.3488807,22.91315068
智托帮托育中心,科教文化服务;培训机构;培训机构,141400,桥南街德贤路633号,广东省,广州市,番禺区,113.35619,22.919703,113.3507199,22.92232687
壹禾教育・托管・辅导・成长中心,科教文化服务;科教文化场所;科教文化场所,140000,镇南路59号,广东省,广州市,南沙区,113.342466,22.838639,113.3370265,22.84131895
优贝乐国际儿童教育中心(番禺桥南校区),科教文化服务;培训机构;培训机构,141400,德贤路617号,广东省,广州市,番禺区,113.35619,22.919946,113.3507199,22.92256977
森本兔幼儿托育园,科教文化服务;学校;幼儿园,141204,桥南街福景路1033号铺201,广东省,广州市,番禺区,113.365207,22.919183,113.3597229,22.92179361
一加贝贝托育园,科教文化服务;培训机构;培训机构,141400,德胜广场东南1门西50米,广东省,广州市,番禺区,113.373799,22.938842,113.3683025,22.94143359
米儿谷紫藤托育园,科教文化服务;学校;幼儿园,141204,市桥街北桥路1号113-116号,广东省,广州市,番禺区,113.355838,22.937304,113.3503673,22.93992104
育才托管辅导中心(沙坑大道),科教文化服务;培训机构;培训机构,141400,沙湾镇沙坑大道45号,广东省,广州市,番禺区,113.346249,22.911801,113.3407973,22.91444503
乐学堂教育中小学托辅(荟贤店),科教文化服务;培训机构;培训机构,141400,德贤路与中华大道交叉口西北220米,广东省,广州市,番禺区,113.356408,22.916278,113.3509378,22.91890295
子安托育,科教文化服务;培训机构;培训机构,141400,市桥光明南路1号青少年宫首层,广东省,广州市,番禺区,113.36346,22.934388,113.3579774,22.93699468
睿庭教育托辅中心(实验校区),科教文化服务;培训机构;培训机构,141400,桥南街顺宁路6号,广东省,广州市,番禺区,113.364604,22.924553,113.3591204,22.9271622
智慧教育托管,科教文化服务;科教文化场所;科教文化场所,140000,市南路与运河直街交叉口东北40米,广东省,广州市,番禺区,113.383022,22.916261,113.3775182,22.91885324
育青托管,科教文化服务;培训机构;培训机构,141400,沙湾街新洲村新地大街三巷4号,广东省,广州市,番禺区,113.289117,22.90744,113.2837749,22.91018667
江学教育辅导托管,科教文化服务;培训机构;培训机构,141400,横江干坑环村街西侧,广东省,广州市,番禺区,113.318496,22.933595,113.3130987,22.936282
华进教育托管中心,科教文化服务;培训机构;培训机构,141400,桥南街南平大街一巷五号,广东省,广州市,番禺区,113.364572,22.924805,113.3590884,22.92741414
爱尔贝托育-早教(花都融创中心),科教文化服务;培训机构;培训机构,141400,凤凰北路76号-66(融创大剧院对面),广东省,广州市,花都区,113.235669,23.431185,113.230322,23.4337769
全优贝贝托育(融创店),科教文化服务;培训机构;培训机构,141400,叶融街5-128号,广东省,广州市,花都区,113.224823,23.429057,113.2194689,23.43164132
喜宝幼儿托育中心,科教文化服务;学校;幼儿园,141204,新华街龙珠路18号金色华庭首层东面商铺,广东省,广州市,花都区,113.224709,23.396104,113.219357,23.39869297
自然树儿童之家(广州花都凯旋门托育园),科教文化服务;培训机构;培训机构,141400,三东大道89号凯旋门14号商铺,广东省,广州市,花都区,113.226975,23.410584,113.2216239,23.41317271
贝安斯早教托育中心,科教文化服务;培训机构;培训机构,141400,凤凰北路25-4号,广东省,广州市,花都区,113.233496,23.393171,113.2281505,23.39576717
Perfect baby全优贝贝早教托育,科教文化服务;培训机构;培训机构,141400,天贵路泊岸君庭北门75-33全优贝贝早教中心,广东省,广州市,花都区,113.221539,23.392022,113.2161844,23.39460859
宝贝之家早教托育,科教文化服务;科教文化场所;科教文化场所,140000,天贵路华天大厦,广东省,广州市,花都区,113.222538,23.38315,113.217185,23.38573914
全优加早教中心,科教文化服务;培训机构;培训机构,141400,新华街曙光路75号广信大厦2层,广东省,广州市,花都区,113.227354,23.402477,113.2220038,23.40506725
利贞托育中心,科教文化服务;培训机构;培训机构,141400,新华商业大道9号,广东省,广州市,花都区,113.207008,23.374657,113.2016371,23.37722877
智慧教育托管,科教文化服务;培训机构;培训机构,141400,花山镇五星村七队6巷1号,广东省,广州市,花都区,113.24614,23.458411,113.2407939,23.46100357
康悦托管培育中心,科教文化服务;培训机构;培训机构,141400,天贵路50号美华新村3号楼商铺(五洲幼儿园隔壁),广东省,广州市,花都区,113.223981,23.383717,113.2186292,23.38630743
糖小丸蛋糕店,餐饮服务;糕饼店;糕饼店,50800,金色华庭首层东面商铺喜宝幼儿托育中心对面,广东省,广州市,花都区,113.224928,23.396078,113.2195762,23.39866718
佳杰儿托育(江高园区),科教文化服务;培训机构;培训机构,141400,江高镇河东街29号(原中心小学旁),广东省,广州市,白云区,113.231353,23.271836,113.2260144,23.27445944
自由人玛尔比恩托育早教中心,科教文化服务;培训机构;培训机构,141400,自由里自由人花园2街2号239铺,广东省,广州市,花都区,113.220898,23.342529,113.2155461,23.34512475
全优加早教・托育,科教文化服务;培训机构;培训机构,141400,平沙I墩路与华灯街交叉口南120米,广东省,广州市,白云区,113.262127,23.242597,113.2567912,23.24523309
托育早教培训书吧,购物服务;专卖店;书店,61205,时代玫瑰园1期西南1门旁,广东省,广州市,白云区,113.285775,23.223837,113.2804165,23.22645862
自然树儿童之家(广州花都豪利花园托育园),科教文化服务;培训机构;培训机构,141400,新雅街镜湖大道18号-7,广东省,广州市,花都区,113.251343,23.358735,113.2460033,23.36134261
杰诺托育,科教文化服务;科教文化场所;科教文化场所,140000,松南路1号汇锦新天地F3,广东省,广州市,白云区,113.222597,23.149323,113.2172598,23.15198194
全优贝贝早教托育中心,科教文化服务;培训机构;培训机构,141400,富力半岛E2座2楼,广东省,广州市,白云区,113.227067,23.143508,113.221734,23.14617329
艾思乐早教托育中心,科教文化服务;培训机构;培训机构,141400,同德围横蛐履弦宦5号2楼艾思乐早教托育中心,广东省,广州市,白云区,113.239706,23.171561,113.2343781,23.17422315
乐之贝国际托育中心,科教文化服务;培训机构;培训机构,141400,棠景街汇景路93号,广东省,广州市,白云区,113.254111,23.170127,113.2487835,23.17279127
沛儿乐托育中心,科教文化服务;培训机构;培训机构,141400,站前路西村四约大街9号,广东省,广州市,荔湾区,113.246181,23.140896,113.2408563,23.14357173
早教托育,科教文化服务;培训机构;培训机构,141400,逢源路128号-1号金升商务中心,广东省,广州市,荔湾区,113.239216,23.120786,113.2338913,23.12346793
蒙森谷国际托育中心(蒙特梭利儿童之家),科教文化服务;培训机构;培训机构,141400,藤业一路58号蒙・森谷国际托育中心,广东省,广州市,白云区,113.202157,23.146697,113.1967944,23.14933072
全优加早教・托育(金升校区),科教文化服务;培训机构;培训机构,141400,逢源路128-1号2层全优加早教中心,广东省,广州市,荔湾区,113.239091,23.120968,113.2337663,23.1236498
全优加旗舰中心(全优加金沙洲旗舰店),购物服务;商场;购物中心|购物服务;专卖店;儿童用品店|科教文化服务;培训机构;培训机构,060101|061207|141400,倚水街1巷1号金沙洲金域蓝湾东南门,广东省,广州市,白云区,113.212112,23.155319,113.2067628,23.15796358
班尼特国际早教托育,科教文化服务;培训机构;培训机构,141400,解放中路470号(公园前地铁站A口步行210米),广东省,广州市,越秀区,113.262586,23.124375,113.2572579,23.1270545
乐育邦早教托育中心,科教文化服务;培训机构;培训机构,141400,广卫路金科大厦407(公园前地铁站出入口步行280米),广东省,广州市,越秀区,113.266487,23.127102,113.2611561,23.12977824
童景托育园,科教文化服务;培训机构;培训机构,141400,珠光御景壹号华誉三街2号,广东省,广州市,荔湾区,113.235474,23.109762,113.2301486,23.11244668
全优加早教・托育(越秀分校),科教文化服务;培训机构;培训机构,141400,中山四路芳草街22号雍雅园2楼(地铁1号线农讲所C出口),广东省,广州市,越秀区,113.277449,23.127871,113.2721076,23.130538
蒙正托育,科教文化服务;培训机构;培训机构,141400,南华东路924号1楼(近中海名都西门),广东省,广州市,海珠区,113.274941,23.109306,113.2696036,23.11198296
广州贝贝家音乐托育中心,科教文化服务;培训机构;培训机构,141400,白云大道南1033号东方明珠花苑南门东侧50米,广东省,广州市,白云区,113.278695,23.18448,113.2733484,23.18712379
Tiny Hands泰尼汉托育园(荔湾校区),购物服务;购物相关场所;购物相关场所,60000,黄沙大道御景一号(素会旁边),广东省,广州市,荔湾区,113.235543,23.109713,113.2302176,23.11239773
全优加早教・托育(汇侨新城校区),科教文化服务;培训机构;培训机构,141400,汇侨新城汇侨路41-47号弘达教育城二层211号铺,广东省,广州市,白云区,113.258036,23.198727,113.2527052,23.20137975
新爱婴早教托育(金碧新城园),科教文化服务;培训机构;培训机构,141400,金新一街58、60号石槎路金碧新城小区47栋2层整层,广东省,广州市,白云区,113.241013,23.204904,113.2356832,23.20755436
蒂芭卜托育中心(龙津园),科教文化服务;培训机构;培训机构,141400,龙津东路欧家园39号(新光城市广场背后),广东省,广州市,荔湾区,113.249766,23.123412,113.2444424,23.12609498
托育早教,科教文化服务;培训机构;培训机构,141400,花蕾路与花地大道北交叉口西北20米,广东省,广州市,荔湾区,113.233224,23.092007,113.2278986,23.09469773
达慧童乐托育园,购物服务;购物相关场所;购物相关场所,60000,芳兴路蚩谛麓,广东省,广州市,荔湾区,113.204948,23.109735,113.199592,23.11238783
班尼特国际早教・托育(嘉骏苑校区),科教文化服务;培训机构;培训机构,141400,白云路89号嘉骏苑,广东省,广州市,越秀区,113.283811,23.119586,113.2784622,23.12224935
智晟托育园,科教文化服务;培训机构;培训机构,141400,较场东路35号盈泽苑D栋2楼,广东省,广州市,越秀区,113.28512,23.124214,113.2797691,23.12687388
方圆・培乐思托育中心,生活服务;生活服务场所;生活服务场所,70000,黄石路118号高尔夫花园,广东省,广州市,白云区,113.270514,23.203465,113.2651746,23.20610929
汉美贝儿医育教三语托育园,科教文化服务;培训机构;培训机构,141400,龙福路2号,广东省,广州市,海珠区,113.259386,23.103221,113.254061,23.10591051
左近儿童托育园,科教文化服务;学校;幼儿园,141204,中山八路荔景楼B座首层(中山八地铁站F口步行260米),广东省,广州市,荔湾区,113.234869,23.127755,113.2295421,23.13043202
广船博悦托育中心,科教文化服务;培训机构;培训机构,141400,工业大道北沙园五一新村五一北17-18号首层,广东省,广州市,海珠区,113.262264,23.088605,113.2569385,23.09129939
阳光金摇篮早教托育中心(沙园中心),科教文化服务;培训机构;培训机构,141400,宝业路骏园东街12号江南新汇2楼阳光金摇篮,广东省,广州市,海珠区,113.262927,23.091483,113.2576009,23.09417587
贝安斯国际托育早教(光大店),科教文化服务;培训机构;培训机构,141400,光大花园翠榕街1号302(农业银行楼上),广东省,广州市,海珠区,113.258316,23.087321,113.2529926,23.09001749
NewHope蒙台梭利国际托育中心,科教文化服务;培训机构;培训机构,141400,黄石北路白云尚城一期会所一层,广东省,广州市,白云区,113.284708,23.212147,113.2793518,23.21477399
尚学堂奇遇浣熊早教托育,科教文化服务;培训机构;培训机构,141400,怡乐路78号瑜丰商务酒店一楼,广东省,广州市,海珠区,113.288006,23.094695,113.282653,23.09736332
全优托教育,科教文化服务;培训机构;培训机构,141400,工业大道北与昌岗立交交叉口南40米,广东省,广州市,海珠区,113.263797,23.084009,113.2584708,23.08670455
全优加托育・早教(光大花园校区),科教文化服务;培训机构;培训机构,141400,榕景路61号榕景市场3楼全层(革新路公交站200米),广东省,广州市,海珠区,113.256432,23.085838,113.2511094,23.08853565
优乐托育&游泳中心,科教文化服务;培训机构;培训机构,141400,宝岗大道翠城花园1号门新聚福茶楼二楼,广东省,广州市,海珠区,113.272132,23.083261,113.2667992,23.08595124
图丁教育托管中心,科教文化服务;培训机构;培训机构,141400,幸福正街与幸福二巷新街交叉口西南20米,广东省,广州市,荔湾区,113.243868,23.122165,113.2385443,23.12484782
信德教育托管中心,科教文化服务;科教文化场所;科教文化场所,140000,机场路航云南街38号集盛大厦二楼,广东省,广州市,白云区,113.26165,23.173448,113.2563191,23.17610871
优优小博士教育美式托辅中心,科教文化服务;培训机构;培训机构,141400,松柏东街68号三楼,广东省,广州市,白云区,113.268541,23.162509,113.2632061,23.16516993
康恩托管教育中心,科教文化服务;科教文化场所;科教文化场所,140000,光孝路与中山六路交叉口东北100米,广东省,广州市,越秀区,113.25632,23.125999,113.2509948,23.12868013
俊程教育托辅中心,科教文化服务;培训机构;培训机构,141400,平安路与云龙路交叉口西100米,广东省,广州市,白云区,113.269631,23.167087,113.2642948,23.1697454
全优加早教中心(广百新一城分校),科教文化服务;培训机构;培训机构,141400,宝业路8号三楼L3-02铺,广东省,广州市,海珠区,113.266278,23.092706,113.2609495,23.0953965
优贝乐国际儿童教育中心(海珠千禧校区),科教文化服务;培训机构;培训机构,141400,新港西路1号南边(晓港地铁站D口步行490米),广东省,广州市,海珠区,113.283726,23.095849,113.278379,23.09852222
全优加早教中心(白云尚城分校),科教文化服务;培训机构;培训机构,141400,黄石北路51号白云尚城东门首层7号,广东省,广州市,白云区,113.285813,23.211675,113.2804553,23.21430079
新木未来国际保育园(拾桂府园)早教托管日托中心,科教文化服务;培训机构;培训机构,141400,珠光路43号粤海得邻商场三楼3001,广东省,广州市,越秀区,113.27384,23.118539,113.2685031,23.12121317
灏睿教育托管中心,科教文化服务;科教文化场所;科教文化场所,140000,桥头直街47附近,广东省,广州市,白云区,113.2378,23.206299,113.2324691,23.20894761
创想教育少儿托管中心,科教文化服务;培训机构;培训机构,141400,东华东路388-7号首层,广东省,广州市,越秀区,113.287188,23.121332,113.2818344,23.12399042
金睿家早教托育中心,科教文化服务;培训机构;培训机构,141400,宝业路骏园东街12号江南新汇商场2楼(中国移动右边楼梯进入),广东省,广州市,海珠区,113.263358,23.091588,113.2580316,23.09428061
华人教育托管中心,科教文化服务;培训机构;培训机构,141400,紫龙大街与江南西路交叉口西北40米,广东省,广州市,海珠区,113.271743,23.095573,113.2664097,23.0982584
嘉铎教育国际托幼,科教文化服务;科教文化场所;科教文化场所,140000,信雅路与信裕路交叉口南160米,广东省,广州市,海珠区,113.276284,23.084731,113.2709468,23.08741691
宝学士托育中心,科教文化服务;培训机构;培训机构,141400,广东省广州市荔湾区观海路5号118-125房1层,广东省,广州市,荔湾区,113.218911,23.044588,113.2135771,23.04728645
早教托育,科教文化服务;培训机构;培训机构,141400,开拓二横路中海花湾壹号,广东省,广州市,荔湾区,113.236361,23.066813,113.2310388,23.06951611
广东睿托育教育研究院附属六一托育,科教文化服务;培训机构;培训机构,141400,金道花苑北2门旁,广东省,广州市,荔湾区,113.233735,23.072802,113.2284112,23.07550112
优佳宝贝国际托育中心,科教文化服务;培训机构;培训机构,141400,中海花湾壹号锦观一街D6D7-118-121,广东省,广州市,荔湾区,113.238956,23.06917,113.2336347,23.0718733
全优加早教・托育(四季花园校),科教文化服务;培训机构;培训机构,141400,花地大道中246-1号,广东省,广州市,荔湾区,113.232693,23.07281,113.2273686,23.07550847
小豆苗托育中心,科教文化服务;培训机构;培训机构,141400,顺景商港西南门西北60米(石溪地铁站B口步行270米),广东省,广州市,海珠区,113.288677,23.067133,113.2833249,23.06981203
放我家家庭式社区托育园,科教文化服务;培训机构;培训机构,141400,广钢新城求实一横路紫郡府紫郡街17号734-735铺,广东省,广州市,荔湾区,113.243021,23.064426,113.2377011,23.06713267
非凡保姆保利花园托育园,科教文化服务;培训机构;培训机构,141400,保利花园镜湖东街2号207房,广东省,广州市,海珠区,113.27378,23.071674,113.2684463,23.07436773
和乐戴蒙托育中心(保利花园校区),科教文化服务;培训机构;培训机构,141400,工业大道中400号保利花园内(原保利花园会所),广东省,广州市,海珠区,113.273844,23.072192,113.2685102,23.07488545
全优加早教中心(燕岗校),科教文化服务;培训机构;培训机构,141400,工业大道中路364工商银行楼上2层,广东省,广州市,海珠区,113.272313,23.074556,113.2669806,23.07724976
迪文国际托育园(碧桂园店),科教文化服务;培训机构;培训机构,141400,洛浦街广州碧桂园环苑二街(康苑斜对面),广东省,广州市,番禺区,113.285321,23.024433,113.2799766,23.02713467
广东托幼教育有限公司,公司企业;公司;公司,170200,民安路十三街东乡托幼中心,广东省,广州市,番禺区,113.275609,23.037706,113.2702757,23.04041258
育才托管辅导中心(西华路),科教文化服务;培训机构;培训机构,141400,西一小学西北门旁,广东省,广州市,番禺区,113.271285,23.047983,113.2659554,23.05068891
彩虹教育金贝儿托幼,科教文化服务;学校;幼儿园,141204,民安路与东乡五街交叉口西南40米,广东省,广州市,番禺区,113.277794,23.043674,113.2724579,23.04637588
比尔盖托育,科教文化服务;培训机构;培训机构,141400,浣南东街11-1号(坑口地铁站C口步行200米),广东省,广州市,荔湾区,113.232496,23.080876,113.2271709,23.08357094
婴幼儿托育,科教文化服务;培训机构;培训机构,141400,学府路与学府一街交叉口东南120米,广东省,广州市,花都区,113.175027,23.427726,113.1695978,23.4302343
小熊托托早教托育(风神中心),科教文化服务;培训机构;培训机构,141400,风神大道18号1区1栋110号,广东省,广州市,花都区,113.157749,23.379022,113.1522913,23.38150552
保利城佳杰儿托育,科教文化服务;培训机构;培训机构,141400,保利城北街33号,广东省,广州市,花都区,113.163934,23.376932,113.1584876,23.37942732
星学堂托管教育,科教文化服务;培训机构;培训机构,141400,横岭四巷与横岭七巷交叉口东240米,广东省,广州市,花都区,113.140854,23.466119,113.1353628,23.46856259
北京书香源教育(花都托管辅导中心),科教文化服务;培训机构;培训机构,141400,狮岭镇教育东路12号3楼,广东省,广州市,花都区,113.154436,23.461912,113.1489668,23.46437844
